Nama,Gambar,Harga,Link,Dilihat
Bang & Olufsen Beowatch Type 9750,https://i.ebayimg.com/thumbs/images/g/mTEAAOSwc5tkutOD/s-l960.webp,"IDR11,963,095.24",https://ebay.comhttps://www.ebay.com/itm/126199542656?itmmeta=01HT1MMBWW1PYBV3KMPAGB4CWA&hash=item1d62143380%3Ag%3AmTEAAOSwc5tkutOD&_trkparms=%2526rpp_cid%253D6523c8d6d056c303f1c7cafe,
MDG Vintage Steel LEMANIA Rangefinder Chronograph Watch Cal. LWO CH27.,https://i.ebayimg.com/thumbs/images/g/7y4AAOSwhlNlDVF5/s-l960.webp,"IDR21,227,297.62",https://ebay.comhttps://www.ebay.com/itm/186098906319?itmmeta=01HT1MMBWWNBDZTE2RKC6DNBE6&hash=item2b545bf4cf%3Ag%3A7y4AAOSwhlNlDVF5&_trkparms=%2526rpp_cid%253D6523c8d6d056c303f1c7cafe,
"Grand Seiko - SBGH 289G Men's Watch Sport 44mm ""2022 Box/Papers"" - EXCELLENT!",https://i.ebayimg.com/thumbs/images/g/S9gAAOSwX1Nlzlqe/s-l960.webp,"IDR94,517,335.71",https://ebay.comhttps://www.ebay.com/itm/176241171547?itmmeta=01HT1MMBWWFX395SN033R0HM23&hash=item2908cadc5b%3Ag%3AS9gAAOSwX1Nlzlqe&_trkparms=%2526rpp_cid%253D6523c8d6d056c303f1c7cafe,
Rare men's wristwatch GUB Glashütte kal.66 from GDR time,https://i.ebayimg.com/thumbs/images/g/LRYAAOSw6SFl8g18/s-l960.webp,"IDR16,844,333.33",https://ebay.comhttps://www.ebay.com/itm/375330174119?itmmeta=01HT1MMBWW0GZ6H0C7JBW47F9Q&hash=item57636bf4a7%3Ag%3ALRYAAOSw6SFl8g18&_trkparms=%2526rpp_cid%253D6523c8d6d056c303f1c7cafe,
RADO Centrix HAU Chronograph,https://i.ebayimg.com/thumbs/images/g/S3cAAOSwS-Zl25Gs/s-l960.webp,"IDR8,576,859.52",https://ebay.comhttps://www.ebay.com/itm/145632302599?itmmeta=01HT1MMBWW1Z00W2JRFQYPZH1G&hash=item21e85c9607%3Ag%3AS3cAAOSwS-Zl25Gs&_trkparms=%2526rpp_cid%253D6523c8d6d056c303f1c7cafe,
vintage EPPERLEIN 100 electric wristwatch Pforzheim 1950s,https://i.ebayimg.com/thumbs/images/g/pEgAAOSwJXpk-QnC/s-l960.webp,"IDR12,014,478.57",https://ebay.comhttps://www.ebay.com/itm/374920010066?itmmeta=01HT1MMBWWXRFMQ8VCG2GN6J90&hash=item574af95952%3Ag%3ApEgAAOSwJXpk-QnC&_trkparms=%2526rpp_cid%253D6523c8d6d056c303f1c7cafe,
Scubapro 500 Automatic Diver Tauchen Eta 2784 Garantie Designed Für ARMEE,https://i.ebayimg.com/thumbs/images/g/iRgAAOSw8Rdl2hMH/s-l960.webp,"IDR20,976,351.43",https://ebay.comhttps://www.ebay.com/itm/196263024939?itmmeta=01HT1MMBWW9BC5AN9QB4FZD15G&hash=item2db230192b%3Ag%3AiRgAAOSw8Rdl2hMH&_trkparms=%2526rpp_cid%253D6523c8d6d056c303f1c7cafe,
1973 RARE TISSUESOT SEASAR TV-STYLE AUTOMATIC DAY/DATE Cal. 2571,https://i.ebayimg.com/thumbs/images/g/34MAAOSwcGdl-Fmc/s-l960.webp,"IDR8,666,925.14",https://ebay.comhttps://www.ebay.com/itm/166655474552?itmmeta=01HT1MMBWW1Y7FVAV6BZ4TEA5E&hash=item26cd70bb78%3Ag%3A34MAAOSwcGdl-Fmc&_trkparms=%2526rpp_cid%253D6523c8d6d056c303f1c7cafe,
Universal Genève stainless steel handwinding handwinder vintage watch ,https://ir.ebaystatic.com/cr/v/c1/s_1x2.gif,"IDR8,508,107.14",https://ebay.comhttps://www.ebay.com/itm/143412821675?itmmeta=01HT1MMBWW8NQ9QRR764MQFXDA&hash=item216411feab%3Ag%3AR0cAAOSwwJ5dpuS1&_trkparms=%2526rpp_cid%253D6523c8d6d056c303f1c7cafe,
Rare! OMEGA Constellation Automatic Wristwatch Pocket Watch Watch Men's RARE,https://ir.ebaystatic.com/cr/v/c1/s_1x2.gif,"IDR16,500,571.43",https://ebay.comhttps://www.ebay.com/itm/186087692177?itmmeta=01HT1MMBWWFBTQZQMHVCRS94NM&hash=item2b53b0d791%3Ag%3AX48AAOSw%7E8xlCr8u&_trkparms=%2526rpp_cid%253D6523c8d6d056c303f1c7cafe,
Tissot Watch T120.407.11.091.01 Seastar 1000 Powermatic 80 Automatic 43mm Men's,https://ir.ebaystatic.com/cr/v/c1/s_1x2.gif,"IDR13,756,148.27",https://ebay.comhttps://www.ebay.com/itm/225760876535?itmmeta=01HT1MMBWW6DGJES546FMM58R0&hash=item34906597f7%3Ag%3AY5wAAOSwgkVk9%7E90&_trkparms=%2526rpp_cid%253D6523c8d6d056c303f1c7cafe,
Vintage Used 18k Gold ETERNA-MATIC Chronometer Automatic Cal. 1414U.,https://ir.ebaystatic.com/cr/v/c1/s_1x2.gif,"IDR22,086,702.38",https://ebay.comhttps://www.ebay.com/itm/185874225780?itmmeta=01HT1MMBWWY504XCC8J6KFZRD4&hash=item2b46f79a74%3Ag%3Aek4AAOSwLcJkS7kT&_trkparms=%2526rpp_cid%253D6523c8d6d056c303f1c7cafe,
Omega Planet Ocean Chronometer,https://ir.ebaystatic.com/cr/v/c1/s_1x2.gif,"IDR51,392,404.76",https://ebay.comhttps://www.ebay.com/itm/156095849367?itmmeta=01HT1MMBWWWHS74SJC8NTACEBN&hash=item245809a397%3Ag%3AKcMAAOSwR%7E5l2HBU&_trkparms=%2526rpp_cid%253D6523c8d6d056c303f1c7cafe,
Breitling Colt Chronometer GMT,https://ir.ebaystatic.com/cr/v/c1/s_1x2.gif,"IDR30,766,690.48",https://ebay.comhttps://www.ebay.com/itm/156074215310?itmmeta=01HT1MMBWW60Y71Z8D8YBXYBQ8&hash=item2456bf878e%3Ag%3A4rcAAOSwfYhl1cnO&_trkparms=%2526rpp_cid%253D6523c8d6d056c303f1c7cafe,
Vintage Used Steel LUXOR Skin Diver Automatic. Cal. ETA 2472.,https://ir.ebaystatic.com/cr/v/c1/s_1x2.gif,"IDR10,226,916.67",https://ebay.comhttps://www.ebay.com/itm/185828392771?itmmeta=01HT1MMBWWSBWF6M8JM3DRN39S&hash=item2b443c3f43%3Ag%3AKdIAAOSwWYRkGIOr&_trkparms=%2526rpp_cid%253D6523c8d6d056c303f1c7cafe,
Hermes Watch Cape COD CC1.710 Unisex Automatic Wound 29 x 41mm Silver Dial,https://ir.ebaystatic.com/cr/v/c1/s_1x2.gif,"IDR24,179,181.10",https://ebay.comhttps://www.ebay.com/itm/225979831821?itmmeta=01HT1MMBWWXQJCZ9NH6EGJP931&hash=item349d72960d%3Ag%3AbXoAAOSw2Mpltdih&_trkparms=%2526rpp_cid%253D6523c8d6d056c303f1c7cafe,
Rare! OMEGA 30T2 Wristwatch Pocket Watch Watch Military Watch Trench Write Watch Men,https://ir.ebaystatic.com/cr/v/c1/s_1x2.gif,"IDR12,375,428.57",https://ebay.comhttps://www.ebay.com/itm/186087668184?itmmeta=01HT1MMBWW4J46G15S9A9BTAR9&hash=item2b53b079d8%3Ag%3AUJoAAOSwJ4JlCrk5&_trkparms=%2526rpp_cid%253D6523c8d6d056c303f1c7cafe,
Marvin Wristwatch / 18kt Gold Automatic,https://ir.ebaystatic.com/cr/v/c1/s_1x2.gif,"IDR14,609,880.95",https://ebay.comhttps://www.ebay.com/itm/264315048961?itmmeta=01HT1MMBWWXT1AA677FCWXW0YP&hash=item3d8a679401%3Ag%3AKssAAOSwi0Bc0y-J&_trkparms=%2526rpp_cid%253D6523c8d6d056c303f1c7cafe,
LIP Jumbo Diver 1970s Electromechanical R184 Lebrocantime Watch Vintage Watch,https://ir.ebaystatic.com/cr/v/c1/s_1x2.gif,"IDR14,437,828.13",https://ebay.comhttps://www.ebay.com/itm/315200976574?itmmeta=01HT1MMBWW8PNEMB09K0TGZV39&hash=item49637136be%3Ag%3AmgIAAOSwr9Rkj1rG&_trkparms=%2526rpp_cid%253D6523c8d6d056c303f1c7cafe,
1940s Moeris One Button Chronograph,https://ir.ebaystatic.com/cr/v/c1/s_1x2.gif,"IDR34,032,428.57",https://ebay.comhttps://www.ebay.com/itm/155200733227?itmmeta=01HT1MMBWWCE96SA630B3FYE79&hash=item2422af402b%3Ag%3AtwEAAOSwt69jQnmb&_trkparms=%2526rpp_cid%253D6523c8d6d056c303f1c7cafe,
SCHAUER Watch 7526-4 Day Date Limited 200 41mm Black Dial Automatic,https://ir.ebaystatic.com/cr/v/c1/s_1x2.gif,"IDR48,273,624.89",https://ebay.comhttps://www.ebay.com/itm/225517064960?itmmeta=01HT1MMBWWQW1ATZ01FBRJ5AQS&hash=item3481dd5300%3Ag%3AFiwAAOSwe-FjhYEn&_trkparms=%2526rpp_cid%253D6523c8d6d056c303f1c7cafe,
Vintage Used Silver LONGINES Sport Case Watch Cal. 10.26. For parts. Art Deco.,https://ir.ebaystatic.com/cr/v/c1/s_1x2.gif,"IDR8,164,345.24",https://ebay.comhttps://www.ebay.com/itm/186307865424?itmmeta=01HT1MMBWXQM2YW9148QTR5C66&hash=item2b60d06b50%3Ag%3AQF8AAOSwqStl0yX4&_trkparms=%2526rpp_cid%253D6523c8d6d056c303f1c7cafe,
Piaget Watch K18YG Cal.12PC1 Men's Automatic Wound Date Men's 32 x 30mm,https://ir.ebaystatic.com/cr/v/c1/s_1x2.gif,"IDR65,667,805.38",https://ebay.comhttps://www.ebay.com/itm/225538061794?itmmeta=01HT1MMBWXVCVKJBXZPYJYT5Z4&hash=item34831db5e2%3Ag%3A8HEAAOSwlI1hKeAG&_trkparms=%2526rpp_cid%253D6523c8d6d056c303f1c7cafe,
Vintage 1940's MDG Steel LONGINES STEP Manual Watch. Cal. 12.68Z. For Parts.,https://ir.ebaystatic.com/cr/v/c1/s_1x2.gif,"IDR8,336,226.19",https://ebay.comhttps://www.ebay.com/itm/186098909717?itmmeta=01HT1MMBWXBG9G2MWDE8BJEHQF&hash=item2b545c0215%3Ag%3AZYEAAOSws%7ERlDWwI&_trkparms=%2526rpp_cid%253D6523c8d6d056c303f1c7cafe,
